{"stats":{"minecraft:mined":{"minecraft:grass":38,"minecraft:grass_block":6,"minecraft:fire":2,"minecraft:tall_grass":19},"minecraft:dropped":{"minecraft:dirt":2,"minecraft:porkchop":1,"minecraft:wheat_seeds":18,"minecraft:flint_and_steel":2},"minecraft:picked_up":{"minecraft:flint_and_steel":2,"minecraft:wheat_seeds":27,"minecraft:porkchop":1,"minecraft:beef":2,"minecraft:dirt":5},"minecraft:used":{"minecraft:beef":2,"minecraft:flint_and_steel":20,"minecraft:obsidian":4},"minecraft:custom":{"minecraft:time_since_rest":9231,"minecraft:open_chest":3,"minecraft:play_time":9231,"minecraft:crouch_one_cm":972,"minecraft:sprint_one_cm":15327,"minecraft:damage_taken":160,"minecraft:walk_one_cm":15875,"minecraft:sneak_time":214,"minecraft:walk_under_water_one_cm":3711,"minecraft:mob_kills":2,"minecraft:drop":8,"minecraft:jump":75,"minecraft:damage_dealt":270,"minecraft:leave_game":2,"minecraft:time_since_death":9231,"minecraft:walk_on_water_one_cm":1838,"minecraft:total_world_time":9231,"minecraft:swim_one_cm":3719,"minecraft:fall_one_cm":1939,"minecraft:fly_one_cm":12784},"minecraft:killed":{"minecraft:pig":1,"minecraft:cow":1}},"DataVersion":3465}