{"stats":{"minecraft:mined":{"minecraft:fire":2,"minecraft:grass":42,"minecraft:grass_block":6,"minecraft:tall_grass":19},"minecraft:dropped":{"securitycraft:codebreaker":1,"minecraft:dirt":2,"securitycraft:trophy_system":1,"minecraft:porkchop":1,"minecraft:wheat_seeds":18,"securitycraft:crystal_quartz_pillar":1,"securitycraft:scanner_door_item":1,"securitycraft:admin_tool":1,"securitycraft:protecto":1,"securitycraft:bouncing_betty":1,"minecraft:beef":2,"securitycraft:sc_manual":1,"securitycraft:ims":1,"securitycraft:smart_module":1,"securitycraft:projector":1,"minecraft:grass_block":1,"minecraft:netherrack":2,"minecraft:flint_and_steel":2},"minecraft:picked_up":{"securitycraft:crystal_quartz_pillar":1,"minecraft:porkchop":1,"minecraft:grass_block":1,"minecraft:dirt":29,"minecraft:flint_and_steel":2,"minecraft:wheat_seeds":27,"securitycraft:projector":1,"minecraft:beef":4,"minecraft:netherrack":1,"minecraft:mutton":3,"minecraft:white_wool":2,"minecraft:egg":3},"minecraft:used":{"securitycraft:trophy_system":4,"securitycraft:protecto":8,"securitycraft:projector":2,"minecraft:cow_spawn_egg":2,"minecraft:flint_and_steel":20,"securitycraft:remote_access_mine":4,"minecraft:zombie_spawn_egg":6,"securitycraft:smart_module":1,"securitycraft:security_camera":1,"securitycraft:suspicious_sand_mine":6,"securitycraft:claymore":5,"securitycraft:scanner_door_item":1,"minecraft:netherrack":45,"securitycraft:ims":4,"securitycraft:mine":1,"minecraft:white_wool":1,"minecraft:dirt":3,"minecraft:golden_carrot":1,"minecraft:beef":2,"securitycraft:motion_activated_light":2,"securitycraft:admin_tool":2,"minecraft:egg":29,"minecraft:pearlescent_froglight":1,"securitycraft:bouncing_betty":29,"minecraft:obsidian":4},"minecraft:custom":{"minecraft:time_since_rest":46074,"minecraft:sprint_one_cm":32113,"minecraft:damage_taken":380,"minecraft:walk_one_cm":50729,"minecraft:mob_kills":6,"minecraft:drop":24,"minecraft:damage_dealt":428,"minecraft:swim_one_cm":13570,"minecraft:fly_one_cm":93672,"minecraft:open_chest":3,"minecraft:crouch_one_cm":1338,"minecraft:play_time":57230,"minecraft:deaths":1,"minecraft:sneak_time":415,"minecraft:walk_under_water_one_cm":3972,"minecraft:jump":209,"minecraft:leave_game":3,"minecraft:walk_on_water_one_cm":2470,"minecraft:time_since_death":46015,"minecraft:total_world_time":57230,"minecraft:fall_one_cm":3179},"minecraft:killed":{"minecraft:sheep":2,"minecraft:pig":1,"minecraft:cow":2}},"DataVersion":3465}