{"stats":{"minecraft:killed":{"minecraft:pig":1,"minecraft:cow":1},"minecraft:custom":{"minecraft:time_since_rest":5411,"minecraft:open_chest":3,"minecraft:crouch_one_cm":636,"minecraft:sprint_one_cm":14188,"minecraft:play_time":5411,"minecraft:damage_taken":160,"minecraft:walk_one_cm":11964,"minecraft:sneak_time":142,"minecraft:walk_under_water_one_cm":3711,"minecraft:mob_kills":2,"minecraft:drop":4,"minecraft:jump":67,"minecraft:damage_dealt":240,"minecraft:leave_game":2,"minecraft:walk_on_water_one_cm":1838,"minecraft:time_since_death":5411,"minecraft:total_world_time":5411,"minecraft:swim_one_cm":3719,"minecraft:fall_one_cm":1939,"minecraft:fly_one_cm":12236},"minecraft:picked_up":{"minecraft:flint_and_steel":2,"minecraft:wheat_seeds":4,"minecraft:beef":2,"minecraft:porkchop":1,"minecraft:dirt":3},"minecraft:used":{"minecraft:beef":2,"minecraft:flint_and_steel":20,"minecraft:obsidian":4},"minecraft:dropped":{"minecraft:dirt":2,"minecraft:porkchop":1,"minecraft:flint_and_steel":2},"minecraft:mined":{"minecraft:grass":34,"minecraft:grass_block":4,"minecraft:tall_grass":17,"minecraft:fire":2}},"DataVersion":3465}