{"stats":{"minecraft:crafted":{"securitycraft:lens":1},"minecraft:mined":{"minecraft:grass_block":7,"minecraft:tall_grass":23,"minecraft:sugar_cane":3,"minecraft:fire":2,"minecraft:grass":62,"minecraft:oak_log":2,"minecraft:sand":1,"minecraft:oak_leaves":6},"minecraft:dropped":{"minecraft:sugar_cane":3,"minecraft:porkchop":1,"minecraft:wheat_seeds":18,"minecraft:sniffer_egg":1,"securitycraft:admin_tool":1,"securitycraft:ims":1,"minecraft:grass_block":1,"minecraft:flint_and_steel":2,"securitycraft:codebreaker":1,"minecraft:dirt":3,"securitycraft:reinforced_oak_log":1,"securitycraft:trophy_system":1,"securitycraft:crystal_quartz_pillar":1,"securitycraft:scanner_door_item":1,"securitycraft:protecto":1,"securitycraft:camera_monitor":1,"minecraft:beef":2,"securitycraft:bouncing_betty":1,"securitycraft:sc_manual":1,"securitycraft:projector":1,"securitycraft:smart_module":1,"minecraft:netherrack":2},"minecraft:picked_up":{"securitycraft:crystal_quartz_pillar":1,"minecraft:dirt":31,"minecraft:flint_and_steel":2,"minecraft:bone":7,"minecraft:wheat_seeds":27,"securitycraft:projector":1,"minecraft:beef":4,"minecraft:sugar_cane":5,"minecraft:egg":6,"minecraft:porkchop":1,"securitycraft:lens":1,"minecraft:grass_block":1,"minecraft:arrow":5,"minecraft:rotten_flesh":2,"minecraft:netherrack":1,"minecraft:mutton":6,"minecraft:white_wool":4},"minecraft:used":{"securitycraft:trophy_system":4,"minecraft:trident":3,"minecraft:netherite_sword":7,"minecraft:cow_spawn_egg":2,"securitycraft:projector":2,"minecraft:flint_and_steel":71,"minecraft:shield":7,"securitycraft:remote_access_mine":4,"minecraft:zombie_spawn_egg":6,"securitycraft:security_camera":3,"minecraft:sniffer_egg":24,"securitycraft:suspicious_sand_mine":6,"minecraft:sugar_cane":2,"securitycraft:scanner_door_item":1,"securitycraft:claymore":5,"securitycraft:ims":4,"minecraft:rotten_flesh":2,"minecraft:netherrack":45,"minecraft:white_wool":1,"minecraft:dirt":4,"minecraft:acacia_hanging_sign":1,"minecraft:crafting_table":1,"minecraft:painting":27,"minecraft:obsidian":4,"securitycraft:protecto":8,"securitycraft:camera_monitor":6,"minecraft:netherite_axe":28,"securitycraft:smart_module":1,"minecraft:totem_of_undying":1,"securitycraft:mine":1,"minecraft:golden_carrot":1,"minecraft:beef":2,"securitycraft:birch_security_sea_boat":1,"securitycraft:motion_activated_light":2,"minecraft:goat_horn":2,"securitycraft:admin_tool":2,"minecraft:egg":31,"minecraft:pearlescent_froglight":1,"securitycraft:bouncing_betty":29,"securitycraft:reinforced_oak_log":23},"minecraft:custom":{"minecraft:mob_kills":16,"minecraft:interact_with_crafting_table":1,"minecraft:leave_game":4,"minecraft:time_since_death":757,"minecraft:time_since_rest":784,"minecraft:sprint_one_cm":66856,"minecraft:damage_absorbed":80,"minecraft:damage_taken":1540,"minecraft:walk_one_cm":89861,"minecraft:damage_blocked_by_shield":170,"minecraft:drop":31,"minecraft:damage_dealt":2403,"minecraft:swim_one_cm":13570,"minecraft:fly_one_cm":144627,"minecraft:open_chest":4,"minecraft:crouch_one_cm":1531,"minecraft:play_time":74153,"minecraft:deaths":5,"minecraft:sneak_time":450,"minecraft:walk_under_water_one_cm":3972,"minecraft:boat_one_cm":73555,"minecraft:jump":418,"minecraft:walk_on_water_one_cm":2992,"minecraft:total_world_time":74153,"minecraft:fall_one_cm":6273},"minecraft:killed":{"minecraft:pig":1,"minecraft:spider":1,"minecraft:sheep":4,"minecraft:skeleton":5,"minecraft:zombie":1,"minecraft:cow":2},"minecraft:killed_by":{"minecraft:creeper":1,"minecraft:enderman":2}},"DataVersion":3465}