{"stats":{"minecraft:mined":{"minecraft:grass":1,"minecraft:grass_block":9},"minecraft:used":{"securitycraft:sentry":1,"securitycraft:keypad":3,"minecraft:dirt":8},"minecraft:dropped":{"minecraft:dirt":1,"minecraft:oak_log":1,"minecraft:spruce_door":1,"securitycraft:sentry":2},"minecraft:custom":{"minecraft:time_since_rest":11336,"minecraft:sprint_one_cm":531,"minecraft:crouch_one_cm":114,"minecraft:play_time":11336,"minecraft:damage_taken":20,"minecraft:walk_one_cm":9354,"minecraft:sneak_time":75,"minecraft:drop":5,"minecraft:jump":19,"minecraft:damage_dealt":28,"minecraft:leave_game":1,"minecraft:time_since_death":11336,"minecraft:total_world_time":11336,"minecraft:fall_one_cm":484,"minecraft:fly_one_cm":6179},"minecraft:picked_up":{"securitycraft:sentry":3,"minecraft:oak_log":1,"minecraft:spruce_door":1,"minecraft:dirt":9}},"DataVersion":3465}