{"stats":{"minecraft:mined":{"minecraft:fire":2,"minecraft:grass":42,"minecraft:grass_block":6,"minecraft:tall_grass":19},"minecraft:dropped":{"minecraft:dirt":2,"minecraft:porkchop":1,"minecraft:wheat_seeds":18,"minecraft:beef":2,"securitycraft:ims":1,"minecraft:flint_and_steel":2},"minecraft:picked_up":{"minecraft:porkchop":1,"minecraft:dirt":29,"minecraft:flint_and_steel":2,"minecraft:wheat_seeds":27,"minecraft:beef":4,"minecraft:mutton":3,"minecraft:white_wool":2,"minecraft:egg":3},"minecraft:used":{"minecraft:cow_spawn_egg":2,"minecraft:flint_and_steel":20,"securitycraft:remote_access_mine":2,"securitycraft:suspicious_sand_mine":6,"securitycraft:ims":2,"securitycraft:mine":1,"minecraft:white_wool":1,"minecraft:dirt":3,"minecraft:golden_carrot":1,"minecraft:beef":2,"minecraft:egg":29,"minecraft:obsidian":4},"minecraft:custom":{"minecraft:time_since_rest":34074,"minecraft:sprint_one_cm":29664,"minecraft:damage_taken":380,"minecraft:walk_one_cm":32593,"minecraft:mob_kills":5,"minecraft:drop":11,"minecraft:damage_dealt":410,"minecraft:swim_one_cm":13528,"minecraft:fly_one_cm":46625,"minecraft:open_chest":3,"minecraft:crouch_one_cm":1195,"minecraft:play_time":45230,"minecraft:deaths":1,"minecraft:sneak_time":254,"minecraft:walk_under_water_one_cm":3934,"minecraft:jump":168,"minecraft:leave_game":3,"minecraft:walk_on_water_one_cm":1981,"minecraft:time_since_death":34015,"minecraft:total_world_time":45230,"minecraft:fall_one_cm":3179},"minecraft:killed":{"minecraft:sheep":2,"minecraft:pig":1,"minecraft:cow":2}},"DataVersion":3465}